type,cap_shape,cap_surface,cap_color,bruises,odor,COUNT(type)
e,x,s,w,t,l,38
p,x,y,n,f,m,4
p,k,s,e,f,s,48
e,x,s,w,t,a,38
p,f,s,n,f,s,48
e,f,f,w,f,n,64
e,f,f,e,t,n,144
e,s,f,g,f,n,16
p,b,y,b,t,n,6
e,b,y,w,t,a,32
p,f,s,w,t,f,48
e,f,y,n,t,l,24
e,x,f,y,t,a,6
e,b,s,g,f,n,24
e,f,s,c,t,n,2
p,c,y,w,t,n,1
p,f,s,e,f,f,48
e,f,y,n,t,n,154
e,x,f,c,f,n,4
p,k,s,n,f,f,48
e,x,f,y,t,l,6
e,f,y,n,t,a,24
e,x,y,r,f,n,8
e,b,y,w,t,l,32
p,x,y,n,f,y,48
e,k,y,e,t,n,8
p,b,y,n,f,n,2
p,f,y,g,f,f,162
e,f,y,p,t,n,10
e,f,y,n,f,n,6
e,f,s,y,t,l,6
p,b,y,p,t,n,6
p,f,y,w,t,p,32
p,f,y,w,t,n,7
e,k,s,g,f,n,24
p,x,y,e,f,s,48
p,k,y,n,f,n,2
e,f,s,y,t,a,6
p,k,y,c,f,m,4
e,f,y,b,t,n,8
p,x,s,n,t,p,32
e,x,s,w,f,n,88
e,f,f,w,t,a,6
p,x,y,n,f,f,48
e,x,s,e,t,n,8
p,k,s,n,f,y,48
e,f,y,u,f,n,8
p,x,y,y,f,n,2
e,k,f,n,f,n,4
e,f,f,w,t,l,6
p,f,s,e,f,y,48
e,x,y,g,t,n,146
p,f,f,n,f,n,2
p,x,s,w,f,c,32
p,f,f,y,f,f,162
p,f,y,y,f,f,162
p,f,y,n,f,n,2
e,x,f,g,t,n,144
p,f,y,c,f,m,4
e,k,y,n,f,n,6
p,x,f,y,f,n,2
p,k,y,w,t,n,1
p,x,y,n,f,s,48
e,f,s,g,f,n,64
p,x,y,e,f,f,48
e,x,y,c,t,n,2
e,x,s,n,t,n,10
p,k,s,e,f,y,48
p,f,y,b,t,n,6
e,b,f,w,f,n,24
p,k,f,n,f,n,2
e,k,y,b,t,n,8
e,x,s,p,t,n,10
p,f,s,n,f,y,48
e,f,f,n,f,n,84
p,x,s,p,f,c,32
p,f,f,g,f,f,162
p,f,s,b,t,f,48
e,k,f,w,f,n,24
p,b,f,n,f,n,2
p,k,s,n,f,s,48
p,x,s,w,t,p,32
e,x,s,n,f,n,114
e,x,y,y,t,l,56
e,x,y,c,f,n,4
p,x,y,e,f,m,4
e,f,f,n,t,n,144
p,x,s,g,t,f,48
p,f,s,e,f,s,48
e,x,y,y,t,a,56
p,f,s,n,f,f,48
e,f,y,e,t,n,152
e,x,s,b,t,n,8
e,x,f,g,f,n,104
e,f,y,w,f,n,8
e,b,s,y,t,a,32
p,f,y,n,t,p,32
e,k,y,p,t,n,8
p,x,f,g,f,c,32
e,f,s,g,t,n,2
e,b,s,y,t,l,32
e,b,y,n,f,n,2
p,f,y,p,t,n,6
p,k,s,e,f,f,48
p,x,y,e,f,y,48
e,k,y,n,t,n,8
p,b,y,w,t,n,7
e,x,s,g,t,n,2
p,f,y,e,f,y,48
e,x,y,e,t,n,152
p,k,y,n,f,y,48
p,x,s,n,f,f,48
e,k,f,c,f,n,4
e,x,y,w,f,n,8
p,x,y,n,t,p,32
e,f,f,g,f,n,80
e,f,s,b,t,n,8
p,b,y,y,f,n,4
p,k,y,n,f,m,4
e,x,f,n,t,n,144
e,f,y,y,t,a,24
e,b,s,w,f,n,24
p,x,s,e,f,s,48
p,f,s,g,t,f,48
p,x,s,b,t,f,48
p,x,f,g,f,f,162
p,f,g,w,t,n,1
p,f,s,w,t,n,6
e,f,y,c,f,n,4
p,f,y,e,f,m,4
p,f,s,w,t,p,32
p,b,s,p,t,n,6
e,f,s,n,f,n,114
e,f,y,y,t,l,24
e,f,s,p,t,n,10
p,x,f,p,f,c,32
e,k,s,w,f,n,24
p,k,y,y,f,n,4
e,b,s,w,t,l,32
e,k,s,e,t,n,8
p,x,s,n,f,y,48
e,x,f,n,f,n,84
p,k,y,n,f,f,48
e,f,s,n,t,n,10
p,f,y,e,f,f,48
p,c,g,w,t,n,1
e,f,y,c,t,n,2
e,b,s,w,t,a,32
p,b,s,b,t,n,6
p,f,f,y,f,n,2
e,x,s,g,f,n,88
e,x,y,w,t,a,32
p,f,y,n,f,s,48
p,x,y,n,f,n,2
e,f,f,g,t,n,144
p,x,s,g,f,c,32
p,k,y,e,f,s,48
p,x,y,y,f,f,162
e,x,y,w,t,l,32
p,x,y,c,f,m,4
p,b,s,w,t,n,6
e,k,s,n,t,n,8
p,x,s,e,f,y,48
p,b,g,w,t,n,1
p,k,y,e,f,f,48
p,f,s,p,t,n,6
e,x,f,w,t,l,6
e,b,y,y,t,l,32
e,b,s,n,f,n,50
p,x,f,y,f,f,162
e,f,y,g,t,n,146
p,x,f,n,f,n,2
e,b,y,y,t,a,32
p,f,s,n,t,p,32
e,k,s,p,t,n,8
e,f,s,w,f,n,64
e,x,f,w,t,a,6
e,x,y,b,t,n,8
e,x,y,u,f,n,8
e,f,s,e,t,n,8
p,f,y,y,f,n,4
p,f,y,n,f,f,48
e,x,s,y,t,a,38
e,b,f,g,f,n,24
p,f,y,e,f,s,48
e,x,y,n,f,n,6
e,x,s,y,t,l,38
p,x,y,w,t,p,32
p,k,f,y,f,n,2
e,s,f,n,f,n,16
p,k,y,n,f,s,48
e,x,y,n,t,a,24
e,f,f,y,t,l,6
e,f,y,r,f,n,8
p,f,y,n,f,y,48
e,f,f,c,f,n,4
e,x,y,p,t,n,10
p,x,y,g,f,f,162
e,k,f,g,f,n,24
e,k,s,b,t,n,8
p,x,s,w,t,f,48
e,f,f,y,t,a,6
e,x,y,n,t,l,24
p,f,s,b,t,n,6
e,x,y,n,t,n,154
p,k,y,e,f,y,48
e,x,s,c,t,n,2
p,b,f,y,f,n,2
p,x,s,e,f,f,48
e,f,s,w,t,a,6
p,x,s,n,f,s,48
e,x,f,w,f,n,88
e,k,y,c,f,n,4
p,k,g,w,t,n,1
p,k,y,e,f,m,4
e,x,f,e,t,n,144
e,k,s,n,f,n,50
e,f,s,w,t,l,6
p,f,y,n,f,m,4
p,c,y,y,f,n,2
p,x,f,w,f,c,32
